review_id,product,channel,review_text
001,Wireless headphones,store website,The noise cancellation makes my train commute much quieter. I can finally hear podcasts without turning the volume up.
002,Everyday backpack,in-store survey,"My laptop, lunch and gym clothes all fit without making the bag look enormous."
003,Insulated water bottle,mobile app,Ice was still in the bottle after a whole afternoon at the beach. The insulation really works.
004,Adjustable desk lamp,marketplace,The adjustable arm lets me light my notebook without shining directly into my eyes.
005,Electric coffee grinder,store website,The grind is consistent enough for my pour-over coffee and the grounds cup is easy to remove.
006,Wireless headphones,store website,The left earcup stopped producing sound after three days. Restarting and pairing again did not help.
007,Everyday backpack,in-store survey,The zipper separated on the first morning. I could not close the main compartment on the way to work.
008,Insulated water bottle,mobile app,Water leaks around the cap even when it is tightened. My work bag was soaked.
009,Adjustable desk lamp,marketplace,The lamp flickers at the lowest brightness setting and gives me a headache when reading.
010,Electric coffee grinder,store website,The motor stopped on the second use. It will not start even with a full hopper and a properly fitted lid.
011,Wireless headphones,store website,"They sound excellent, but the headband gets uncomfortable after an hour."
012,Everyday backpack,in-store survey,"The padded straps are comfortable, but the laptop sleeve is too tight for my 16-inch computer."
013,Insulated water bottle,mobile app,"The bottle keeps drinks cold, but it is too wide for the cup holder in my car."
014,Adjustable desk lamp,marketplace,Assembly was simple and the base feels stable. The supplied cable is too short for my desk.
015,Electric coffee grinder,store website,"Coffee tastes much fresher now, although the grinder is louder than I expected."
016,Wireless headphones,store website,Battery life easily covers a full workday and the quick charge is handy before meetings.
017,Everyday backpack,in-store survey,It kept my notebooks dry through a short shower. I have not tested it in heavy rain.
018,Insulated water bottle,mobile app,Easy to clean because the opening is wide enough for a brush. No lingering coffee smell either.
019,Adjustable desk lamp,marketplace,The warm light setting is comfortable for evening reading and the dimmer is easy to use.
020,Electric coffee grinder,store website,The numbered settings make it easy to repeat the same grind size each morning.
021,Wireless headphones,store website,The box arrived crushed and the charging cable was missing.
022,Everyday backpack,in-store survey,The color in person is much darker than the photos. The bag itself seems well made.
023,Insulated water bottle,mobile app,It arrived with a large dent and chipped paint. The shipping box was undamaged.
024,Adjustable desk lamp,marketplace,The package contained the lamp but no power adapter. I could not use it out of the box.
025,Electric coffee grinder,store website,The product arrived with used coffee grounds inside. I paid for a new appliance.
026,Wireless headphones,store website,Setup took less than a minute. Switching between my laptop and phone is straightforward.
027,Everyday backpack,in-store survey,A bargain for a daily commuting bag. The stitching and fabric feel better than the price suggests.
028,Insulated water bottle,mobile app,"The cap squeaks every time I open it. A small issue, but annoying during quiet meetings."
029,Adjustable desk lamp,marketplace,The touch button responds inconsistently. Sometimes I need to tap it four or five times.
030,Electric coffee grinder,store website,Cleaning the burrs is straightforward and the little brush reaches the corners well.
031,Wireless headphones,store website,They are fine for calls. I cannot tell much difference from my cheaper pair.
032,Everyday backpack,in-store survey,"The parcel arrived on time, but the warehouse sent the wrong size."
033,Insulated water bottle,mobile app,I ordered the blue bottle and received a green one. Please check orders more carefully.
034,Adjustable desk lamp,marketplace,This is much brighter than my old lamp and takes up less desk space.
035,Electric coffee grinder,store website,The finest setting is still too coarse for my espresso machine. The listing made that use sound possible.
036,Wireless headphones,store website,The microphone picks up every keyboard tap during video calls. My colleagues keep asking me to mute.
037,Everyday backpack,in-store survey,I like the separate shoe pocket because it keeps muddy trainers away from clean clothes.
038,Insulated water bottle,mobile app,I appreciate that a spare seal was included. The first seal is still working after three months.
039,Adjustable desk lamp,marketplace,The advertised USB charging port charges my phone very slowly.
040,Electric coffee grinder,store website,For the price it is a useful upgrade from my old blade grinder.
041,Wireless headphones,store website,I bought them on sale and feel they were worth the money. I would hesitate at the regular price.
042,Everyday backpack,in-store survey,The shoulder strap stitching started coming loose after two weeks of carrying only a laptop.
043,Insulated water bottle,mobile app,The printed capacity is accurate. It holds the amount I expected.
044,Adjustable desk lamp,marketplace,A timer that turns the light off after an hour would be useful for bedtime reading.
045,Electric coffee grinder,store website,Ground coffee clings to the cup and scatters over the counter when I remove it.
046,Wireless headphones,store website,Customer service sent a replacement ear cushion immediately and did not make me return the whole headset.
047,Everyday backpack,in-store survey,Could you add an exterior water bottle pocket? The internal one takes up useful space.
048,Insulated water bottle,mobile app,"The paint began peeling after hand washing, despite following the care instructions."
049,Adjustable desk lamp,marketplace,"The finish looks attractive, but I think the price is high for the materials used."
050,Electric coffee grinder,store website,Could the next version include a removable hopper so I can change beans more easily?
051,Wireless headphones,store website,Please add a way to disable the touch controls. I keep pausing music when adjusting the headphones.
052,Everyday backpack,in-store survey,The return label was easy to get and the replacement arrived before my trip.
053,Insulated water bottle,mobile app,A carrying loop would make this much easier to take on hikes.
054,Adjustable desk lamp,marketplace,I contacted support about the missing adapter and they dispatched one the same day.
055,Electric coffee grinder,store website,Support explained how to clear a blockage and stayed on the chat until the grinder worked again.
056,Wireless headphones,store website,"The delivery estimate was two days, but they took almost two weeks to arrive."
057,Everyday backpack,in-store survey,The bag is exactly the listed dimensions. It fits under the airline seat I usually use.
058,Insulated water bottle,mobile app,"It is more expensive than similar bottles, and I have not noticed any extra benefit."
059,Adjustable desk lamp,marketplace,The clamp version fits my narrow desk perfectly. I like having the base area free.
060,Electric coffee grinder,store website,"It arrived four days after the promised date, but the appliance was in perfect condition."
061,Wireless headphones,store website,Great bass without drowning out voices. These have become my everyday headphones.
062,Everyday backpack,in-store survey,"The mesh back panel helps a little, but I still get very sweaty on my cycle commute."
063,Insulated water bottle,mobile app,The replacement lid solved the leak and customer service was helpful throughout.
064,Adjustable desk lamp,marketplace,The arm slowly sinks down after I adjust it. Tightening the screw only helped for a day.
065,Electric coffee grinder,store website,The hopper lid does not seal well and the beans lose their aroma if left overnight.
066,Wireless headphones,store website,"Bluetooth drops out whenever I put my phone in my jacket pocket, even when the battery is full."
067,Everyday backpack,in-store survey,Several compartments are so small that I cannot figure out what to put in them.
068,Insulated water bottle,mobile app,Hot tea stays warm until lunchtime without making the outside uncomfortable to hold.
069,Adjustable desk lamp,marketplace,The brightness levels are evenly spaced and it remembers my last setting when switched on.
070,Electric coffee grinder,store website,I grind only enough for one cup. The small footprint suits my kitchen.
071,Wireless headphones,store website,The case is compact and easy to pack. The headphones themselves are heavier than I expected.
072,Everyday backpack,in-store survey,Looks smart enough for the office and handles weekend walks well. I have already recommended it to a friend.
073,Insulated water bottle,mobile app,The lid has several little grooves that are hard to wash. I worry about residue building up.
074,Adjustable desk lamp,marketplace,"Delivery was early, the parts were well protected and every piece was included."
075,Electric coffee grinder,store website,The measuring scoop was missing and the manual refers to buttons that are not on this model.
076,Wireless headphones,store website,I returned them because the volume was too low for my needs. The refund arrived promptly.
077,Everyday backpack,in-store survey,The listing described reinforced padding. The bottom has almost no cushioning for a laptop.
078,Insulated water bottle,mobile app,Good size for a child school bag. The metal body is heavier than a plastic bottle.
079,Adjustable desk lamp,marketplace,The lamp makes a faint buzzing sound on the cool light setting. I can hear it in a quiet room.
080,Electric coffee grinder,store website,It produces a fairly even grind. I have not tried all the settings yet.
081,Wireless headphones,store website,"The instructions say ""hold for three seconds,"" but the button needs a much longer press to pair."
082,Everyday backpack,in-store survey,After six months the fabric still looks new. The zipper pulls have lost some paint.
083,Insulated water bottle,mobile app,"The bottle works well, but the order tracking link never updated and delivery took longer than promised."
084,Adjustable desk lamp,marketplace,Please offer replacement bulbs separately instead of requiring a whole new lamp.
085,Electric coffee grinder,store website,The plastic catch cup feels flimsy compared with the sturdy metal body.
086,Wireless headphones,store website,"They do what the listing promises. Nothing particularly exciting, nothing wrong so far."
087,Everyday backpack,in-store survey,Support asked for the same photos three times and still has not approved my repair request.
088,Insulated water bottle,mobile app,"The straw attachment does not reach the bottom, so the last few sips are difficult to drink."
089,Adjustable desk lamp,marketplace,It lights the desk as expected. I mostly leave it on the middle setting.
090,Electric coffee grinder,store website,The replacement unit has worked reliably for three months. The warranty process was slow but eventually helpful.
091,Wireless headphones,store website,The plastic hinge cracked during normal use after one month. I expected better durability at this price.
092,Everyday backpack,in-store survey,I would pay a little more for a brighter lining. Finding small items inside the black interior is difficult.
093,Insulated water bottle,mobile app,I dropped it on a tiled floor and it survived with only a small scratch.
094,Adjustable desk lamp,marketplace,"The listing says the arm rotates fully, but mine stops halfway and cannot point behind the base."
095,Electric coffee grinder,store website,An automatic shutoff after a selected weight would save me from measuring every batch separately.
096,Wireless headphones,store website,The app requires an account just to change equalizer settings. I would prefer basic controls without signing in.
097,Everyday backpack,in-store survey,It is a basic backpack with reasonable storage. For occasional use it meets my needs.
098,Insulated water bottle,mobile app,"Nothing fancy. It holds water and the lid closes securely, which is all I needed."
099,Adjustable desk lamp,marketplace,I like the design and the light quality. Returning the first faulty unit was more complicated than it should have been.
100,Electric coffee grinder,store website,"I enjoy the coffee it makes possible, but I would not buy it again unless the mess and noise were improved."
